,,,,,,,,,,,,
,Macro-economic Indicators - Fortnightly,,,,,,,,,,,
,,,,,,,,,,,,
,Period,"Non Food Credit
 (₹  Crore)","Investment In India
 (₹ Crore)","Aggregate Desposits 
(₹ Crore)","Bank Credit 
(₹ Crore)","Food Credit 
(₹ Crore)",Cash-Deposit Ratio(Including merger) (%),Cash Deposit Ratio (%),Credit-Deposit Ratio(Including merger) (%),Credit Deposit Ratio (%),"M3 
(₹ Crore)","Certificates of Deposit (Amount Outstanding) 
(₹ Crore)"
,30-Jun-2026,"21,796,315.44","7,087,253.24","26,538,493.32","21,928,364.69","132,049.25",-,-,-,-,"31,887,695.18","666,154.86"
,15-Jun-2026,"21,279,326.92","7,069,846.68","25,841,688.67","21,547,116.12","133,894.60",-,-,-,-,"31,220,737.39","667,340.90"
,31-May-2026,"21,241,391.54","7,034,653.05","26,002,105.57","21,515,402.48","137,005.47",-,-,-,-,"31,362,049.91","656,372.88"
,15-May-2026,"21,070,841.80","6,964,933.96","25,688,820.55","21,186,890.44","116,048.64",-,-,-,-,"31,023,175.70","663,329.11"
,30-Apr-2026,"21,002,867.29","6,926,908.02","25,868,584.51","21,210,697.85","103,915.28",-,-,-,-,"31,163,977.29","687,310.02"
,15-Apr-2026,"20,849,217.21","6,884,388.58","25,647,891.65","20,917,706.68","68,489.47",-,-,-,-,"30,926,590.25","684,807.17"
,31-Mar-2026,"21,219,354.32","6,961,120.30","26,228,786.78","21,359,897.02","70,271.35",-,-,-,-,"31,453,125.81","692,680.56"
,15-Mar-2026,"20,695,029.57","6,922,802.44","25,011,490.82","20,769,879.74","74,850.17",-,-,-,-,"30,193,458.66","679,391.41"
,28-Feb-2026,"20,585,921.16","6,956,052.84","25,190,144.65","20,751,207.44","82,643.14",-,-,-,-,"30,298,343.55","663,845.18"
,15-Feb-2026,"20,346,224.68","6,852,637.22","24,773,759.67","20,431,530.39","85,305.71",-,-,-,-,"29,854,739.73","662,414.76"
,31-Jan-2026,"20,296,645.70","6,816,554.58","24,881,954.39","20,475,236.50","89,295.40",-,-,-,-,"29,903,539.28","588,698.82"
,15-Jan-2026,"20,045,920.51","6,807,967.35","24,499,511.99","20,134,089.72","88,169.21",-,-,-,-,"29,502,685.31","574,586.15"
,31-Dec-2025,"20,144,842.72","6,884,983.15","24,857,492.98","20,320,787.62","87,972.45",-,-,-,-,"29,798,543.95","568,136.12"
,15-Dec-2025,"19,610,614.48","6,881,357.58","24,131,870.09","19,694,564.27","83,949.79",-,-,-,-,"29,058,340.08","554,967.84"
,28-Nov-2025,"19,369,841.28","6,886,471.97","24,260,054.93","19,529,443.34","79,801.03",3.55,-,80.50,-,"29,136,713.20","570,508.16"
,14-Nov-2025,"19,291,758.21","6,834,736.63","24,093,542.81","19,370,949.22","79,191.01",3.60,-,80.40,-,"28,945,871.48","534,617.43"
,31-Oct-2025,"19,252,912.74","6,889,909.95","24,175,756.75","19,393,655.36","70,371.31",3.85,-,80.22,-,"28,997,506.24","514,877.08"
,17-Oct-2025,"19,130,775.16","6,885,074.23","23,883,215.06","19,235,754.48","52,489.66",3.83,-,80.44,-,"28,714,437.86","502,668.21"
,03-Oct-2025,"19,176,013.50","6,876,278.22","24,098,581.25","19,261,332.10","42,659.30",4.04,-,79.93,-,"28,895,269.38","497,940.28"
,19-Sep-2025,"18,812,292.44","6,846,280.72","23,546,450.79","18,902,860.72","45,284.14",4.10,-,80.28,-,"28,350,280.90","501,817.39"
,05-Sep-2025,"18,709,524.96","6,819,997.10","23,668,815.19","18,800,685.56","45,580.30",4.27,-,79.43,-,"28,476,012.98","495,293.61"
,22-Aug-2025,"18,545,930.12","6,756,965.81","23,504,413.98","18,646,841.82","50,455.85",4.33,4.33,79.33,77.89,"28,308,501.71","494,942.79"
,08-Aug-2025,"18,501,604.06","6,750,168.11","23,472,134.03","18,606,166.74","52,281.34",4.28,4.29,79.27,77.82,"28,288,711.82","511,313.00"
,25-Jul-2025,"18,388,028.24","6,726,827.65","23,349,826.99","18,501,377.20","56,674.48",4.29,4.30,79.24,77.76,"28,139,873.48","508,451.73"
,11-Jul-2025,"18,351,906.88","6,716,247.79","23,325,705.73","18,469,892.58","58,992.85",4.35,4.36,79.18,77.70,"28,141,256.05","525,253.75"
,27-Jun-2025,"18,357,422.20","6,696,801.88","23,425,645.34","18,486,199.66","64,388.73",4.35,4.36,78.91,77.40,"28,230,455.67","517,439.00"
,13-Jun-2025,"18,178,751.59","6,691,543.95","23,069,834.88","18,313,962.71","67,605.56",-,-,-,-,"27,896,574.00","483,064.43"
,30-May-2025,"18,146,215.49","6,706,717.24","23,172,542.62","18,287,376.91","70,580.71",4.50,4.51,78.92,77.38,"27,989,937.22","513,762.66"
,16-May-2025,"18,091,555.15","6,684,475.70","22,887,587.39","18,227,711.87","68,078.36",4.43,4.44,79.64,78.05,"27,706,383.97","511,818.07"
,02-May-2025,"18,160,064.49","6,713,875.36","23,034,245.49","18,284,956.79","62,446.15",-,-,-,-,"27,824,650.52","512,999.59"
,18-Apr-2025,"18,123,640.17","6,693,442.78","22,860,865.67","18,187,891.45","32,125.64",-,-,-,-,"27,630,686.61","518,759.57"
,04-Apr-2025,"18,343,369.86","6,664,390.70","23,115,692.70","18,402,083.28","29,356.71",-,-,-,-,"27,843,781.44","522,896.64"
,21-Mar-2025,"18,170,910.01","6,697,927.83","22,580,601.13","18,243,972.33","36,531.16",4.27,4.28,80.79,79.14,"27,273,801.25","532,971.66"
,07-Mar-2025,"18,040,308.06","6,737,320.05","22,510,118.00","18,125,412.60","42,552.27",4.31,4.32,80.52,78.84,"27,167,848.14","511,207.89"
,21-Feb-2025,"17,895,083.74","6,651,031.38","22,284,304.53","17,989,979.44","47,447.85",4.35,4.36,80.73,79.00,"26,913,341.11","513,816.40"
,07-Feb-2025,"17,855,539.24","6,682,369.49","22,325,408.16","17,963,428.88","53,944.82",4.31,4.32,80.46,78.73,"26,935,188.09","519,276.82"
,24-Jan-2025,"17,756,120.81","6,635,526.09","22,126,572.35","17,868,478.53","56,178.86",4.41,4.42,80.76,78.99,"26,692,998.72","499,396.94"
,10-Jan-2025,"17,683,947.61","6,628,425.87","22,151,174.72","17,799,393.73","57,723.06",4.57,4.58,80.35,78.64,"26,711,510.04","493,930.59"
,27-Dec-2024,"17,630,759.78","6,595,746.81","22,062,591.24","17,743,037.47","56,138.69",4.66,4.68,80.42,78.67,"26,579,463.97","494,416.56"
,13-Dec-2024,"17,482,267.99","6,556,946.66","22,067,643.54","17,586,881.31","52,306.66",4.85,4.86,79.70,77.91,"26,590,006.74","488,257.46"
,29-Nov-2024,"17,406,447.68","6,538,915.31","22,017,465.62","17,508,955.68","51,254.00",5.06,5.08,79.52,77.70,"26,517,390.58","491,658.72"
,15-Nov-2024,"17,272,504.43","6,489,976.58","21,855,889.59","17,362,817.85","45,156.71",5.04,5.06,79.44,77.60,"26,362,434.74","489,838.50"
,01-Nov-2024,"17,359,422.83","6,557,352.83","22,027,535.25","17,419,531.89","30,054.53",4.93,4.94,79.16,77.32,"26,532,760.90","465,475.31"
,18-Oct-2024,"17,200,366.11","6,491,007.92","21,808,331.70","17,237,674.19","18,654.04",4.93,4.95,79.04,77.16,"26,289,281.97","484,133.94"
,04-Oct-2024,"17,262,175.43","6,457,951.44","21,920,126.24","17,297,778.17","17,801.37",4.93,4.95,78.91,77.04,"26,368,672.67","468,063.51"
,20-Sep-2024,"17,085,200.88","6,404,043.98","21,505,667.14","17,125,052.00","19,925.56",4.85,4.86,79.63,77.69,"25,954,323.79","474,683.60"
,06-Sep-2024,"17,003,595.15","6,385,411.25","21,550,315.52","17,046,601.95","21,503.40",5.01,5.02,79.10,77.16,"26,010,846.23","463,005.01"
,23-Aug-2024,"16,896,587.36","6,365,486.88","21,325,126.04","16,945,308.62","24,360.63",4.95,4.97,79.46,77.47,"25,783,047.55","446,580.44"
,09-Aug-2024,"16,824,438.66","6,328,237.93","21,329,643.09","16,880,301.08","27,931.21",4.97,4.99,79.14,77.14,"25,809,602.88","435,778.32"
,26-Jul-2024,"16,706,933.64","6,313,767.46","21,193,568.37","16,813,934.78","28,190.14",5.07,5.09,79.33,77.31,"25,673,512.63","424,747.21"
,12-Jul-2024,"16,751,593.02","6,307,646.01","21,177,171.40","16,812,118.24","30,262.61",4.94,4.96,79.39,77.37,"25,701,087.42","424,835.55"
,28-Jun-2024,"16,818,221.37","6,158,206.96","21,285,397.39","16,886,028.59","33,903.61",5.07,5.09,79.31,77.29,"25,791,104.40","409,554.44"
,14-Jun-2024,"16,632,571.50","6,231,385.82","20,902,918.17","16,706,417.54","36,923.02",5.11,5.14,79.92,77.85,"25,444,042.12","352,302.19"
,31-May-2024,"16,702,363.86","6,183,502.03","21,087,206.37","16,782,881.64","40,258.89",4.94,4.96,79.59,77.51,"25,610,093.35","369,203.22"
,17-May-2024,"16,518,467.35","6,199,638.21","20,814,780.08","16,601,013.84","41,273.00",4.97,4.99,79.76,77.65,"25,353,391.36","367,450.64"
,03-May-2024,"16,556,160.64","6,220,688.65","20,938,380.97","16,631,720.36","37,780.00",5.02,5.05,79.43,77.34,"25,463,662.17","380,093.01"
,19-Apr-2024,"16,455,616.14","6,148,210.36","20,753,393.98","16,491,796.34","18,090.10",5.03,5.06,79.48,77.36,"25,259,957.58","372,841.80"
,05-Apr-2024,"16,542,753.46","6,155,942.87","21,001,108.20","16,585,169.70","21,208.00",4.86,4.89,79.02,76.92,"25,487,257.19","361,574.13"
,22-Mar-2024,"16,386,002.31","6,106,558.02","20,475,226.39","16,432,163.93","23,080.81",4.99,5.01,80.25,78.07,"24,938,758.85","375,812.94"
,08-Mar-2024,"16,250,152.40","6,104,703.78","20,420,081.85","16,313,558.87","31,703.00",4.90,4.92,79.89,77.71,"24,847,705.49","379,574.59"
,23-Feb-2024,"16,133,131.43","6,048,666.00","20,204,829.50","16,214,134.77","40,501.67",4.91,4.94,80.25,78.03,"24,606,900.45","381,444.86"
,09-Feb-2024,"16,054,592.52","6,054,646.44","20,195,381.87","16,147,476.63","46,442.00",4.91,4.94,79.96,77.68,"24,585,981.74","369,142.87"
,26-Jan-2024,"15,952,354.34","5,974,168.00","20,059,152.02","16,043,591.80","45,618.73",5.07,5.10,79.98,77.67,"24,417,811.18","355,281.29"
,12-Jan-2024,"15,881,988.29","6,006,292.64","19,984,835.10","15,969,925.82","43,969.00",5.04,5.07,79.91,77.54,"24,329,720.79","351,131.83"
,29-Dec-2023,"15,918,805.36","5,990,503.00","20,088,041.39","15,961,943.97","43,138.61",5.15,5.18,79.46,77.08,"24,377,277.38","344,752.77"
,15-Dec-2023,"15,694,481.73","5,960,517.46","19,791,556.52","15,779,480.10","42,499.00",5.16,5.19,79.73,77.31,"24,092,311.15","341,805.23"
,01-Dec-2023,"15,742,070.07","6,030,923.64","19,886,495.71","15,825,455.71","41,693.00",5.16,5.19,79.58,77.16,"24,165,366.02","315,780.27"
,17-Nov-2023,"15,540,285.82","6,069,867.70","19,651,859.88","15,620,807.10","40,260.64",5.09,5.12,79.49,77.04,"23,934,978.33","314,547.67"
,03-Nov-2023,"15,538,918.66","6,112,884.90","19,712,089.45","15,584,525.60","22,803.47",5.22,5.26,79.06,76.61,"23,947,372.91","315,823.00"
,20-Oct-2023,"15,418,204.73","6,053,429.00","19,515,810.17","15,457,886.81","19,841.04",5.17,5.20,79.21,76.73,"23,739,933.21","313,142.07"
,06-Oct-2023,"15,299,433.86","6,061,808.95","19,607,572.80","15,337,992.28","19,279.00",5.38,5.42,78.22,75.76,"23,825,453.00","290,340.93"
,22-Sep-2023,"15,113,584.09","5,981,357.00","19,280,665.29","15,151,314.19","18,865.05",5.46,5.50,78.58,76.07,"23,504,297.57","291,829.65"
,08-Sep-2023,"15,001,026.66","5,982,861.02","19,388,696.45","15,039,168.66","19,071.00",5.63,5.67,77.57,75.06,"23,626,786.52","297,684.67"
,25-Aug-2023,"14,897,956.18","5,901,588.55","19,240,961.04","14,917,311.57","19,355.39",5.74,5.78,77.53,74.97,"23,472,704.70","301,277.83"
,11-Aug-2023,"14,820,931.87","5,913,740.99","19,237,925.20","14,860,791.96","19,930.00",5.30,5.34,77.25,74.69,"23,478,623.96","304,165.32"
,28-Jul-2023,"14,745,450.62","5,839,359.86","19,167,763.28","14,787,123.40","20,836.39",5.20,5.24,77.15,74.55,"23,409,954.65","307,002.89"
,14-Jul-2023,"14,722,025.49","5,817,754.67","19,030,776.86","14,746,329.06","24,303.57",5.10,5.14,77.49,74.87,"23,297,681.26","297,670.83"
,30-Jun-2023,"14,355,811.96","5,670,620.50","19,156,018.40","14,383,718.16","27,906.20",5.14,5.14,75.09,75.09,"23,424,748.01","287,157.00"
,16-Jun-2023,"13,994,766.07","5,644,283.71","18,567,956.33","14,023,498.83","28,732.76",5.16,5.16,75.53,75.53,"22,858,413.00","287,339.03"
,02-Jun-2023,"13,972,941.67","5,607,752.36","18,703,434.60","14,009,695.00","36,753.33",5.20,5.20,74.90,74.90,"23,008,649.70","312,416.22"
,19-May-2023,"13,821,271.33","5,551,327.68","18,376,356.29","13,893,970.45","36,349.56",5.16,5.16,75.61,75.61,"22,766,809.97","302,117.26"
,05-May-2023,"13,867,503.53","5,519,458.12","18,434,881.15","13,900,688.40","33,184.87",5.07,5.07,75.40,75.40,"22,823,219.22","288,834.64"
,21-Apr-2023,"13,838,154.70","5,445,485.50","18,311,808.93","13,859,446.83","21,292.13",5.11,5.11,75.69,75.69,"22,683,199.37","300,404.89"
,07-Apr-2023,"13,829,593.11","5,523,795.97","18,447,943.84","13,850,556.45","20,963.34",4.93,4.93,75.08,75.08,"22,777,267.50","301,402.80"
,31-Mar-2023,-,-,-,-,-,-,-,-,-,"22,343,760.32",-
,24-Mar-2023,"13,635,424.05","5,415,148.06","18,043,913.69","13,675,235.33","19,905.64",4.99,4.99,75.79,75.79,"22,333,226.85","304,521.02"
,10-Mar-2023,"13,492,036.20","5,386,503.79","17,958,323.65","13,548,592.80","28,278.30",5.09,5.09,75.44,75.44,"22,223,721.35","290,353.28"
,24-Feb-2023,"13,379,715.85","5,337,558.09","17,861,853.77","13,450,268.71","35,276.43",5.01,5.01,75.30,75.30,"22,093,331.39","280,336.78"
,10-Feb-2023,"13,373,764.05","5,267,960.73","17,773,525.44","13,418,060.34","44,296.29",5.13,5.13,75.49,75.49,"21,988,001.46","269,679.45"
,27-Jan-2023,"13,287,370.82","5,194,620.63","17,719,428.23","13,337,536.22","50,165.40",5.21,5.21,75.27,75.27,"21,895,034.21","279,788.46"
,13-Jan-2023,"13,224,104.95","5,200,462.32","17,674,774.76","13,276,759.04","52,654.09",5.13,5.13,75.12,75.12,"21,843,078.71","292,289.01"
,30-Dec-2022,"13,252,880.63","5,096,043.85","17,733,783.81","13,306,853.05","53,972.42",5.30,5.30,75.04,75.04,"21,859,234.62","293,983.09"
,16-Dec-2022,"13,099,868.36","5,127,606.60","17,354,379.08","13,154,442.33","54,573.97",5.26,5.26,75.80,75.80,"21,484,518.59","272,570.90"
,02-Dec-2022,"13,054,624.86","5,121,212.50","17,524,165.04","13,106,244.00","51,619.14",5.30,5.30,74.79,74.79,"21,616,590.15","274,602.72"
,18-Nov-2022,"12,895,573.47","5,086,612.04","17,297,353.86","12,947,813.30","52,239.83",5.36,5.36,74.85,74.85,"21,399,921.34","257,555.16"
,04-Nov-2022,"12,887,853.53","5,081,677.61","17,366,323.93","12,926,232.68","38,379.15",5.29,5.29,74.43,74.43,"21,458,444.09","248,613.49"
,21-Oct-2022,"12,857,749.31","5,051,759.40","17,204,103.51","12,883,403.91","25,654.60",5.29,5.29,74.89,74.89,"21,301,949.29","240,840.76"
,07-Oct-2022,"12,838,172.55","5,104,372.18","17,263,657.49","12,858,805.79","20,633.24",5.19,5.19,74.48,74.48,"21,336,064.55","226,345.91"
,23-Sep-2022,"12,608,086.61","5,075,621.98","17,031,994.62","12,629,874.79","21,788.18",5.15,5.15,74.15,74.15,"21,072,896.11","252,148.25"
,09-Sep-2022,"12,522,693.69","5,102,159.61","17,056,327.15","12,551,285.84","28,592.15",5.21,5.21,73.59,73.59,"21,128,496.35","243,599.65"
,26-Aug-2022,"12,430,896.91","5,067,258.76","16,993,855.38","12,458,657.89","27,760.98",5.14,5.14,73.31,73.31,"21,051,422.69","237,146.80"
,12-Aug-2022,"12,393,621.27","5,072,480.42","16,948,677.75","12,425,718.31","32,097.04",5.42,5.42,73.31,73.31,"21,035,847.42","242,172.94"
,29-Jul-2022,"12,337,005.50","5,014,296.84","16,972,313.23","12,369,350.00","32,344.50",5.56,5.56,72.88,72.88,"21,032,347.94","249,062.16"
,15-Jul-2022,"12,245,056.49","4,990,455.76","16,810,000.97","12,280,984.80","35,928.31",5.32,5.32,73.06,73.06,"20,910,896.02","235,248.52"
,01-Jul-2022,"12,345,375.05","4,959,800.94","16,961,170.93","12,382,791.62","37,416.57",5.32,5.32,73.01,73.01,"21,040,576.47","223,791.41"
,17-Jun-2022,"12,106,794.54","4,881,576.25","16,569,316.98","12,150,353.40","43,558.86",5.49,5.49,73.33,73.33,"20,663,816.95","194,418.87"
,03-Jun-2022,"12,094,492.70","4,844,619.07","16,733,638.03","12,143,120.67","48,627.97",5.46,5.46,72.57,72.57,"20,819,898.92","189,977.09"
,20-May-2022,"11,984,865.46","4,770,815.18","16,574,274.11","12,038,119.24","53,253.78",5.47,5.47,72.63,72.63,"20,682,307.05","193,034.11"
,06-May-2022,"11,985,232.14","4,831,924.38","16,695,861.32","12,040,719.29","55,487.15",4.82,4.82,72.12,72.12,"20,811,466.18","185,308.10"
,22-Apr-2022,"11,913,784.07","4,771,756.44","16,623,476.20","11,956,336.16","42,552.09",4.74,4.74,71.92,71.92,"20,712,047.95","201,427.56"
,08-Apr-2022,"11,926,038.42","4,756,626.62","16,741,265.07","11,965,873.01","39,834.59",5.20,5.20,71.48,71.48,"20,706,215.31","202,431.31"
,25-Mar-2022,"11,836,303.73","4,728,947.60","16,465,313.04","11,891,314.27","55,010.54",4.67,4.67,72.22,72.22,"20,489,597.31","181,171.43"
,11-Mar-2022,"11,651,433.72","4,751,200.81","16,276,685.43","11,712,341.36","60,907.64",4.63,4.63,71.96,71.96,"20,278,974.95","154,363.89"
,25-Feb-2022,"11,575,492.66","4,670,231.45","16,217,528.51","11,643,716.86","68,224.20",4.64,4.64,71.80,71.80,"20,183,528.16","127,618.40"
,11-Feb-2022,"11,483,782.03","4,670,911.16","16,128,133.47","11,561,762.37","77,980.34",4.54,4.54,71.69,71.69,"20,086,004.43","112,564.73"
,28-Jan-2022,"11,386,586.98","4,580,676.64","16,032,526.21","11,468,976.86","82,389.88",4.80,4.80,71.54,71.54,"19,947,684.11","99,706.14"
,14-Jan-2022,"11,313,396.45","4,625,783.98","15,982,978.93","11,399,077.37","85,680.92",4.82,4.82,71.32,71.32,"19,907,347.20","101,151.87"
,31-Dec-2021,"11,493,407.31","4,608,234.52","16,241,853.82","11,582,087.15","88,679.84",4.99,4.99,71.31,71.31,"20,114,036.34","84,702.40"
,17-Dec-2021,"11,116,566.08","4,600,693.16","15,867,433.06","11,202,146.18","85,580.10",4.95,4.95,70.60,70.60,"19,741,402.94","73,298.30"
,03-Dec-2021,"11,072,545.08","4,677,023.22","15,952,166.78","11,158,982.34","86,437.26",4.89,4.89,69.95,69.95,"19,817,261.71","63,365.56"
,19-Nov-2021,"11,079,778.16","4,584,495.15","15,779,115.68","11,162,193.48","82,415.32",4.96,4.96,70.74,70.74,"19,645,634.26","55,596.33"
,05-Nov-2021,"11,084,223.12","4,686,515.15","16,046,752.35","11,161,089.41","76,866.29",4.79,4.79,69.55,69.55,"19,913,687.24",-
,22-Oct-2021,"10,980,921.67","4,638,657.94","15,713,020.87","11,044,619.14","63,697.47",4.75,4.75,70.29,70.29,"19,523,114.19","57,366.48"
,08-Oct-2021,"10,952,558.69","4,691,728.51","15,755,866.28","11,014,966.83","62,408.14",4.68,4.68,69.91,69.91,"19,567,861.07","59,201.66"
,24-Sep-2021,"10,894,475.05","4,663,318.54","15,598,947.56","10,956,816.88","62,341.83",4.73,4.73,70.24,70.24,"19,396,288.76","60,220.40"
,10-Sep-2021,"10,842,966.84","4,709,738.55","15,574,687.76","10,912,705.14","69,738.30",4.67,4.67,70.07,70.07,"19,402,807.00","67,144.54"
,27-Aug-2021,"10,828,800.45","4,593,279.36","15,517,050.29","10,897,601.02","68,800.57",4.79,4.79,70.23,70.23,"19,330,427.08","64,222.13"
,13-Aug-2021,"10,816,822.03","4,613,607.11","15,572,299.58","10,888,834.23","72,012.20",4.93,4.93,69.92,69.92,"19,407,302.62","63,488.94"
,30-Jul-2021,"10,833,089.13","4,644,187.72","15,549,095.59","10,910,566.78","77,477.65",4.96,4.96,70.17,70.17,"19,372,775.65","64,304.10"
,16-Jul-2021,"10,792,826.44","4,658,041.53","15,514,307.44","10,878,497.05","85,670.61",4.84,4.84,70.12,70.12,"19,376,389.21","64,586.90"
,02-Jul-2021,"10,845,376.82","4,667,554.03","15,451,308.86","10,928,554.47","83,177.65",4.82,4.82,70.73,70.73,"19,313,332.73","69,299.52"
,18-Jun-2021,"10,754,939.83","4,581,982.41","15,298,539.57","10,841,852.00","86,912.17",4.96,4.96,70.87,70.87,"19,169,565.09","68,209.42"
,04-Jun-2021,"10,753,945.07","4,628,272.90","15,313,152.06","10,843,921.14","89,976.07",4.92,4.92,70.81,70.81,"19,174,409.58","78,308.17"
,21-May-2021,"10,740,558.57","4,535,489.46","15,167,184.27","10,831,221.48","90,662.91",4.58,4.58,71.41,71.41,"19,012,125.69","90,349.28"
,07-May-2021,"10,784,911.98","4,571,715.00","15,216,968.09","10,870,006.15","85,094.17",4.26,4.26,71.43,71.43,"19,040,068.35","87,177.58"
,23-Apr-2021,"10,802,150.49","4,478,812.64","15,134,306.69","10,860,485.38","58,334.89",4.27,4.27,71.76,71.76,"18,919,037.12","85,792.41"
,09-Apr-2021,"10,838,766.87","4,549,310.11","15,211,463.22","10,888,466.09","49,699.22",4.09,4.09,71.58,71.58,"18,980,415.30","88,675.73"
,26-Mar-2021,"10,888,254.62","4,462,525.66","15,113,512.42","10,949,509.00","61,254.38",4.19,4.19,72.45,72.45,"18,849,450.98","80,621.98"
,12-Mar-2021,"10,726,625.98","4,515,011.06","14,955,804.66","10,795,818.38","69,192.40",3.70,3.70,72.18,72.18,"18,613,815.25","58,304.34"
,26-Feb-2021,"10,699,536.48","4,461,323.22","14,933,580.19","10,774,742.46","75,205.98",3.71,3.71,72.15,72.15,"18,563,764.12","54,917.99"
,12-Feb-2021,"10,628,254.03","4,469,577.52","14,781,345.83","10,703,541.34","75,287.31",3.72,3.72,72.41,72.41,"18,420,102.02","56,464.51"
,29-Jan-2021,"10,616,642.17","4,434,632.07","14,802,765.18","10,703,751.83","87,109.66",3.82,3.82,72.31,72.31,"18,406,665.73","62,026.32"
,15-Jan-2021,"10,555,943.10","4,422,031.73","14,625,389.84","10,642,893.28","86,950.18",3.88,3.88,72.77,72.77,"18,239,730.63","65,249.16"
,01-Jan-2021,"10,610,051.77","4,480,825.96","14,726,748.56","10,702,596.47","92,544.70",3.80,3.80,72.67,72.67,"18,300,409.80","71,871.98"
,18-Dec-2020,"10,453,884.38","4,413,604.85","14,478,960.64","10,547,036.78","93,152.40",3.96,3.96,72.84,72.84,"18,055,371.99","67,960.05"
,04-Dec-2020,"10,401,774.45","4,489,008.52","14,583,087.22","10,497,687.18","95,912.73",3.86,3.86,71.99,71.99,"18,153,285.99","66,533.31"
,20-Nov-2020,"10,345,924.05","4,425,325.04","14,370,434.56","10,434,880.34","88,956.29",3.88,3.88,72.61,72.61,"17,937,938.88","64,068.52"
,06-Nov-2020,"10,335,639.51","4,476,662.44","14,403,311.87","10,419,270.55","83,631.04",3.72,3.72,72.34,72.34,"17,934,854.22","72,326.21"
,23-Oct-2020,"10,272,208.87","4,440,233.67","14,291,512.09","10,338,867.88","66,659.01",3.65,3.65,72.34,72.34,"17,803,739.24","74,214.40"
,09-Oct-2020,"10,280,101.70","4,461,110.04","14,301,947.24","10,343,494.78","63,393.08",3.65,3.65,72.32,72.32,"17,806,236.28","70,775.51"
,25-Sep-2020,"10,205,154.16","4,439,092.01","14,262,403.47","10,271,581.01","66,426.85",3.63,3.63,72.02,72.02,"17,739,764.53","71,904.21"
,11-Sep-2020,"10,163,075.61","4,401,545.16","14,247,285.36","10,226,930.10","63,854.49",3.65,3.65,71.78,71.78,"17,738,364.70","83,242.66"
,28-Aug-2020,"10,150,216.57","4,361,222.04","14,176,793.04","10,216,158.04","65,941.47",3.72,3.72,72.06,72.06,"17,647,971.85","85,855.20"
,14-Aug-2020,"10,146,419.63","4,315,166.27","14,080,509.96","10,219,501.78","73,082.15",3.72,3.72,72.58,72.58,"17,561,514.45","94,813.00"
,31-Jul-2020,"10,202,769.39","4,293,409.02","14,161,269.30","10,282,056.89","79,287.50",3.68,3.68,72.61,72.61,"17,625,803.04","104,705.00"
,17-Jul-2020,"10,132,756.13","4,187,318.80","14,020,615.64","10,219,111.57","86,355.44",3.71,3.71,72.89,72.89,"17,490,781.18","112,455.00"
,03-Jul-2020,"10,218,316.13","4,218,380.56","14,077,081.17","10,304,202.57","85,886.44",3.73,3.73,73.20,73.20,"17,538,911.46","112,425.00"
,19-Jun-2020,"10,156,388.48","4,142,391.60","13,867,127.49","10,245,677.47","89,288.99",3.89,3.89,73.88,73.88,"17,315,245.77","121,465.00"
,05-Jun-2020,"10,168,886.59","4,152,696.71","13,955,522.63","10,254,569.51","85,682.92",3.80,3.80,73.48,73.48,"17,394,404.78","140,165.00"
,22-May-2020,"10,143,336.94","4,054,370.95","13,829,914.62","10,222,753.18","79,416.24",3.77,3.77,73.92,73.92,"17,230,908.27","160,455.00"
,08-May-2020,"10,182,598.30","4,028,214.45","13,850,368.40","10,251,832.99","69,234.69",3.68,3.68,74.02,74.02,"17,209,846.77","171,180.00"
,24-Apr-2020,"10,220,772.37","3,969,645.90","13,723,182.02","10,273,415.79","52,643.42",3.73,3.73,74.86,74.86,"17,034,132.77","180,891.00"
,10-Apr-2020,"10,283,830.62","3,959,153.62","13,714,590.46","10,337,903.85","54,073.23",3.56,3.56,75.38,75.38,"16,989,548.92","180,116.00"
,27-Mar-2020,"10,319,096.71","3,747,349.13","13,567,492.12","10,370,860.68","51,763.97",4.37,4.37,76.44,76.44,"16,791,629.49","172,996.00"
,13-Mar-2020,"10,080,079.76","3,795,013.30","13,339,149.43","10,140,472.61","60,392.85",4.73,4.73,76.02,76.02,"16,528,590.16","173,941.00"
,28-Feb-2020,"10,039,269.95","3,778,287.08","13,326,268.22","10,104,866.32","65,596.37",4.75,4.75,75.83,75.83,"16,459,026.86","185,932.00"
,14-Feb-2020,"9,969,258.83","3,789,556.58","13,226,294.97","10,042,582.91","73,324.08",4.80,4.80,75.93,75.93,"16,360,363.82","186,042.00"
,31-Jan-2020,"10,026,276.39","3,735,514.03","13,324,001.21","10,105,176.36","78,899.97",4.75,4.75,75.84,75.84,"16,418,624.50","181,309.00"
,17-Jan-2020,"9,921,541.19","3,713,694.66","13,126,595.09","10,003,642.44","82,101.25",4.77,4.77,76.21,76.21,"16,217,603.65","181,344.00"
,03-Jan-2020,"9,952,589.61","3,779,746.17","13,210,364.78","10,036,091.78","83,502.17",4.71,4.71,75.97,75.97,"16,266,158.40","178,432.00"
,20-Dec-2019,"9,862,300.88","3,724,227.53","13,008,880.67","9,947,443.92","85,143.04",4.95,4.95,76.47,76.47,"16,062,978.03","160,669.00"
,06-Dec-2019,"9,810,019.53","3,760,878.44","13,106,051.92","9,934,683.53","124,664.00",4.73,4.73,75.80,75.80,"16,164,771.81","163,198.00"
,22-Nov-2019,"9,768,998.56","3,719,568.46","12,958,473.31","9,860,302.65","91,304.09",4.65,4.65,76.09,76.09,"15,945,748.53","162,443.00"
,08-Nov-2019,"9,766,326.70","3,757,950.45","12,997,978.55","9,846,374.88","80,048.18",4.70,4.70,75.75,75.75,"15,989,603.80","171,696.00"
,25-Oct-2019,"9,770,783.70","3,683,492.84","12,978,084.31","9,840,562.31","69,778.61",4.88,4.88,75.82,75.82,"15,955,361.99","171,396.00"
,11-Oct-2019,"9,729,090.45","3,705,292.44","12,937,922.27","9,789,380.58","60,290.13",4.74,4.74,75.66,75.66,"15,886,564.81","181,011.00"
,27-Sep-2019,"9,708,768.79","3,692,753.45","12,906,460.81","9,768,853.86","60,085.07",4.80,4.80,75.67,75.67,"15,814,167.46","188,101.00"
,13-Sep-2019,"9,648,921.40","3,605,280.79","12,722,856.91","9,713,657.70","64,736.30",4.75,4.75,76.33,76.33,"15,648,405.57","168,671.00"
,30-Aug-2019,"9,617,761.44","3,581,075.00","12,780,197.46","9,680,153.44","62,392.00",4.87,4.87,75.74,75.74,"15,677,090.40","179,455.00"
,16-Aug-2019,"9,619,341.42","3,560,151.84","12,680,040.78","9,684,561.88","65,220.46",4.84,4.84,76.36,76.36,"15,599,166.56","178,635.00"
,02-Aug-2019,"9,666,254.21","3,557,062.98","12,744,582.66","9,729,001.58","62,747.37",4.67,4.67,76.34,76.34,"15,641,418.32","198,141.00"
,19-Jul-2019,"9,592,376.15","3,492,736.68","12,650,590.82","9,658,377.68","66,001.53",4.84,4.84,76.35,76.35,"15,567,781.42","224,039.00"
,05-Jul-2019,"9,626,664.83","3,545,635.59","12,675,270.36","9,697,433.61","70,768.78",4.64,4.64,76.51,76.51,"15,602,933.78","231,054.00"
,21-Jun-2019,"9,577,348.78","3,466,645.88","12,492,466.50","9,648,768.26","71,419.48",4.66,4.66,77.25,77.25,"15,416,104.00","215,944.00"
,07-Jun-2019,"9,574,298.98","3,493,154.69","12,540,259.60","9,651,902.79","77,603.81",4.68,4.68,76.97,76.97,"15,478,177.07","218,665.83"
,24-May-2019,"9,555,822.40","3,521,900.05","12,499,557.47","9,621,544.99","65,722.59",4.61,4.61,76.98,76.98,"15,421,077.40","227,147.00"
,10-May-2019,"9,563,056.92","3,511,055.65","12,517,393.23","9,624,756.56","61,699.64",4.65,4.65,76.90,76.90,"15,439,815.57","249,482.52"
,26-Apr-2019,"9,577,783.76","3,455,510.72","12,483,869.25","9,620,945.49","43,161.73",4.82,4.82,77.07,77.07,"15,378,604.24","225,478.45"
,12-Apr-2019,"9,608,855.70","3,441,239.81","12,530,163.38","9,644,786.33","35,930.63",4.66,4.66,76.97,76.97,"15,420,575.77","261,725.78"
,29-Mar-2019,"9,730,112.11","3,381,056.15","12,573,771.75","9,771,722.44","41,610.33",5.09,5.09,77.70,77.70,"15,443,593.95","272,260.35"
,15-Mar-2019,"9,503,567.49","3,394,143.56","12,227,454.59","9,556,241.77","52,674.28",5.14,5.14,78.14,78.14,"15,087,087.79","220,455.46"
,01-Mar-2019,"9,464,807.66","3,409,141.44","12,230,651.55","9,520,452.38","55,644.72",4.62,4.62,77.84,77.84,"15,054,022.57","208,866.80"
,15-Feb-2019,"9,378,625.76","3,354,855.17","12,119,465.99","9,440,365.93","61,740.17",4.61,4.61,77.89,77.89,"14,939,818.31","200,250.80"
,01-Feb-2019,"9,361,798.58","3,358,124.92","12,122,699.78","9,429,528.15","67,729.57",4.67,4.67,77.78,77.78,"14,894,534.36","177,275.49"
,18-Jan-2019,"9,261,605.65","3,363,431.04","11,985,973.94","9,332,554.55","70,948.90",4.76,4.76,77.86,77.86,"14,758,783.18","190,078.58"
,04-Jan-2019,"9,265,105.63","3,386,117.42","12,033,760.03","9,337,446.66","72,341.03",4.57,4.57,77.59,77.59,"14,771,348.36","182,138.00"
,21-Dec-2018,"9,210,293.82","3,347,910.93","11,816,272.71","9,287,635.58","77,341.76",4.67,4.67,78.60,78.60,"14,549,694.77","180,664.01"
,07-Dec-2018,"9,126,806.92","3,451,858.96","11,884,631.52","9,206,252.83","79,445.91",4.60,4.60,77.46,77.46,"14,598,653.55","155,669.95"
,23-Nov-2018,"9,060,338.45","3,426,161.06","11,813,574.23","9,132,626.50","72,288.05",4.68,4.68,77.31,77.31,"14,518,774.78","148,505.55"
,09-Nov-2018,"9,050,879.24","3,443,124.74","11,825,768.02","9,111,427.06","60,547.82",4.68,4.68,77.05,77.05,"14,544,754.90","131,196.70"
,26-Oct-2018,"8,978,940.47","3,435,856.57","11,771,254.79","9,033,975.22","55,034.75",4.68,4.68,76.75,76.75,"14,426,379.77","154,067.75"
,12-Oct-2018,"8,947,578.84","3,494,919.30","11,786,165.74","8,993,105.59","45,526.75",4.62,4.62,76.30,76.30,"14,441,474.93","158,917.05"
,28-Sep-2018,"8,934,000.30","3,447,986.62","11,799,855.33","8,981,664.04","47,663.74",4.90,4.90,76.12,76.12,"14,422,907.92","151,012.84"
,14-Sep-2018,"8,748,622.63","3,488,564.21","11,563,680.95","8,798,111.90","49,489.27",4.77,4.77,76.08,76.08,"14,215,170.88","157,277.27"
,31-Aug-2018,"8,731,898.64","3,504,696.40","11,646,515.79","8,780,752.81","48,854.17",4.69,4.69,75.39,75.39,"14,271,407.93","163,975.02"
,17-Aug-2018,"8,619,005.28","3,509,159.92","11,511,168.42","8,673,163.18","54,157.90",4.60,4.60,75.35,75.35,"14,155,066.83","158,662.55"
,03-Aug-2018,"8,623,615.31","3,498,702.39","11,577,090.45","8,672,843.54","49,228.23",4.69,4.69,74.93,74.93,"14,201,116.89","166,650.53"
,20-Jul-2018,"8,559,091.22","3,467,345.52","11,437,138.74","8,609,733.69","50,642.47",4.82,4.82,75.28,75.28,"14,072,865.64","163,850.66"
,06-Jul-2018,"8,597,475.76","3,471,826.71","11,488,307.12","8,656,612.54","59,136.78",4.76,4.76,75.35,75.35,"14,128,810.22","168,842.34"
,22-Jun-2018,"8,551,880.35","3,396,564.36","11,352,982.52","8,614,418.54","62,538.19",4.90,4.90,75.88,75.88,"14,003,226.66","174,499.10"
,08-Jun-2018,"8,528,171.70","3,445,736.27","11,408,348.88","8,593,845.47","65,673.77",4.55,4.55,75.33,75.33,"14,056,195.37","186,152.61"
,25-May-2018,"8,484,744.87","3,373,884.09","11,352,822.42","8,537,655.39","52,910.52",4.74,4.74,75.36,75.36,"13,984,477.99","205,222.36"
,11-May-2018,"8,462,619.82","3,390,162.99","11,342,752.15","8,520,644.62","58,024.80",4.58,4.58,75.03,75.03,"13,974,411.29","204,056.54"
,27-Apr-2018,"8,465,589.58","3,360,808.13","11,381,421.70","8,517,625.05","52,035.47",4.89,4.89,74.66,74.66,"13,981,646.82","206,807.00"
,13-Apr-2018,"8,414,049.19","3,382,307.14","11,329,115.47","8,446,023.21","31,974.02",4.47,4.47,74.49,74.49,"13,914,187.25","203,557.47"
,30-Mar-2018,"8,583,435.54","3,318,453.76","11,426,049.41","8,625,424.85","41,989.31",5.11,5.11,75.39,75.39,"13,966,007.50","185,732.44"
,16-Mar-2018,"8,304,580.53","3,334,888.89","11,111,627.57","8,346,747.29","42,166.76",4.63,4.63,75.02,75.02,"13,635,043.95","188,776.25"
,02-Mar-2018,"8,273,397.01","3,409,075.31","11,137,045.55","8,319,032.45","45,635.44",4.69,4.69,74.61,74.61,"13,627,756.58","194,581.03"
,16-Feb-2018,"8,175,655.67","3,402,805.44","11,002,274.34","8,223,208.03","47,552.36",4.63,4.63,74.65,74.65,"13,478,992.16","177,981.82"
,02-Feb-2018,"8,181,094.00","3,410,219.70","11,057,589.73","8,233,473.08","52,379.08",4.54,4.54,74.37,74.37,"13,496,388.70","171,178.44"
,19-Jan-2018,"8,083,399.81","3,363,585.77","10,927,442.21","8,142,006.20","58,606.39",4.70,4.70,74.42,74.42,"13,363,233.63","168,976.59"
,05-Jan-2018,"8,095,277.71","3,388,124.58","10,948,922.02","8,152,767.48","57,489.77",4.65,4.65,74.64,74.64,"13,354,527.19","152,553.00"
,22-Dec-2017,"8,001,821.04","3,333,513.21","10,820,874.39","8,068,266.95","66,445.91",4.77,4.77,74.38,74.38,"13,208,681.45","126,981.00"
,08-Dec-2017,"7,929,414.54","3,357,543.54","10,837,667.60","7,998,188.28","68,773.74",4.61,4.61,73.63,73.63,"13,214,984.47","119,659.30"
,24-Nov-2017,"7,860,339.22","3,348,844.29","10,794,825.65","7,934,714.61","74,375.39",4.66,4.66,73.41,73.41,"13,147,309.31","121,891.00"
,10-Nov-2017,"7,862,846.20","3,378,759.24","10,835,725.94","7,931,080.97","68,234.77",4.67,4.67,73.10,73.10,"13,183,233.73","121,648.94"
,27-Oct-2017,"7,822,419.86","3,330,252.17","10,797,552.23","7,884,644.91","62,225.05",4.75,4.75,72.92,72.92,"13,115,316.32","128,621.74"
,13-Oct-2017,"7,815,444.33","3,351,691.90","10,825,793.60","7,864,021.59","48,577.26",4.69,4.69,72.54,72.54,"13,127,718.20","116,803.23"