target,model,group,rmse,mae,r2,adjusted_r2,mape,smape,explained_variance,median_abs_error,max_error,mean_bias_error,stability_mean_rmse,stability_std_rmse,stability_mean_r2,stability_std_r2,beats_naive,rank_rmse,rank_r2,rank_mae,rank_stability,avg_rank,leaderboard_position
target_Borrowings,extra_trees,tree,61158.37401268294,25036.75061709403,0.9775466230069344,0.9758236812487188,10.904719583164143,10.66645818511745,0.9775548942550168,5950.383049999975,638650.6887500007,1173.8176079202149,61038.531080672146,3826.804853795311,0.9774706356659544,0.003417483805532404,False,3.0,3.0,1.0,6.0,3.25,1
target_Borrowings,random_forest,tree,61337.64939635561,25273.41935136754,0.9774147935514531,0.9756817359663896,10.978264513958633,10.769921083313568,0.9774201151765366,5948.26854999995,562583.9396000009,941.5366582051199,61269.50756312004,2890.4457170169685,0.9773713337798049,0.002497690520298878,False,4.0,4.0,2.0,3.0,3.25,2
target_Borrowings,elastic_net,linear,56054.931892315275,27278.80583163213,0.9811375776191641,0.9796901848643425,19.04358319161317,19.980874382125094,0.9811917097421362,11360.01780515747,572993.7746716663,-3002.9121440577615,55803.74894065204,5300.6597344840275,0.981076175351315,0.0038075584044701244,False,1.0,1.0,5.0,8.0,3.75,3
target_Borrowings,ridge,linear,58405.72757513357,28564.96718160715,0.97952232320912,0.9779509852110476,20.218689079821285,21.085865403685805,0.9795540304964133,12210.753366484249,565890.3713392285,-2298.2360900204258,58167.519024936075,5269.605683959427,0.9794728038410194,0.003824402409765757,False,2.0,2.0,8.0,7.0,4.75,4
target_Borrowings,xgboost,boosting,64854.98010547725,26793.53174739583,0.9747502857207216,0.9728127692781742,12.226669366591002,12.023363123458523,0.9747777083714101,6872.893125000002,652943.085,-2137.3212919560187,64770.06066869645,3317.783214019516,0.9747823091844987,0.0021882402384566435,False,6.0,6.0,3.0,4.0,4.75,5
target_Borrowings,hist_gradient_boosting,tree,68092.47467419898,27024.330857993747,0.9721664857850922,0.9700307035402405,11.627580409869736,11.35693350962517,0.9721664862950973,6299.281259279131,776066.5707900566,9.21726982894465,68007.89462949547,3392.841776427298,0.9720889101805236,0.0034891286852583494,False,7.0,7.0,4.0,5.0,5.75,6
target_Borrowings,lightgbm,boosting,68250.0306076156,27321.17071168261,0.9720375314816208,0.9698918540323896,11.834745617740868,11.623265962543613,0.9720454786014447,6703.229220146364,848883.6838565916,-1150.5883622918996,68216.63885767416,2134.6805152360535,0.9720037172439033,0.0021233869816163066,False,8.0,8.0,6.0,1.0,5.75,7
target_Borrowings,multioutput_random_forest,benchmark,63508.073495808625,27418.568595413122,0.9757881661701495,0.9740100633185081,12.869922374887837,12.278055740098768,0.9757954765199358,7148.034200000067,572843.880650002,1103.5300788888671,63508.073495808625,,0.9757881661701495,,False,5.0,5.0,7.0,11.0,7.0,8
target_Borrowings,catboost,boosting,70777.05206990145,31114.310828935962,0.9699285238691133,0.9676210134232196,20.632144565544337,17.911703762003345,0.9699443083926101,12722.88343392429,832477.2600607567,-1621.5518288704525,70743.29133135123,2185.8250874913147,0.9699116677361873,0.001975253376996785,False,10.0,10.0,9.0,2.0,7.75,9
target_Borrowings,lasso,linear,69407.41917492718,45305.62518222709,0.9710811113369199,0.9688620437599493,63.27460173854609,52.22450611222884,0.9728582247684826,31871.25961380852,569964.2188075297,17205.71286875565,68930.09580465576,8125.990947879998,0.9709218237326409,0.007625660623507301,False,9.0,9.0,11.0,9.0,9.5,10
target_Borrowings,decision_tree,tree,83906.38823699843,33960.32123076923,0.9577370447800407,0.9544940310277419,14.946112642305811,14.9123140086242,0.9577508991189194,8551.489999999998,1310736.4800000002,-1519.1756809116812,83437.76346032809,8855.597987501948,0.9577949887428902,0.008833329730036326,False,11.0,11.0,10.0,10.0,10.5,11
target_Borrowings,linear_regression,linear,59044220.50849036,50825511.56893735,-20926.84905236983,-22532.730655528965,92388.11171847586,200.0,-5419.651328240046,38584463.33618598,92409415.43930964,-50825511.56893735,50827882.330994286,30045737.6877625,-20832.201510780185,21142.20377845328,False,12.0,12.0,12.0,11.0,11.75,12
target_CFO,elastic_net,linear,3636.007362510194,2268.1469285598123,0.972075633777404,0.969932880077082,10.012479381609722,9.786584744756716,0.9721328181761995,1204.7092098801877,20897.090046530677,164.54014329507805,3629.5872396631385,215.97687353709424,0.9720285480907801,0.003537172262381229,False,1.0,1.0,2.0,2.0,1.5,1
target_CFO,ridge,linear,3682.4171326027213,2296.8597933565566,0.9713582346721494,0.9691604319306016,10.17693623704513,9.892617831300669,0.97146047914083,1217.95406078429,21524.52143740082,220.01536061913598,3675.4933784447862,225.7085809059479,0.9713224325504153,0.0036300774869589742,False,2.0,2.0,4.0,3.0,2.75,2
target_CFO,extra_trees,tree,3746.0157696960896,2238.108183105413,0.970360353494314,0.9680859791461184,9.11411496981915,8.898146687708191,0.9704282314472165,1076.7045499999986,24600.81719999999,179.26580658119747,3735.66854339155,278.23493800499506,0.970289671475728,0.004672575298921353,False,3.0,3.0,1.0,5.0,3.0,3
target_CFO,random_forest,tree,3766.2572931543086,2270.960474928775,0.9700391735792084,0.9677401537494976,9.239420619334629,9.03780085817649,0.9701029522648523,1106.700700000004,23682.786349999966,173.7684286609692,3757.698962682289,253.75678137631596,0.9699552254225536,0.004532603042399978,False,4.0,4.0,3.0,4.0,3.75,4
target_CFO,hist_gradient_boosting,tree,3978.114228710255,2336.395010160255,0.9665736992789624,0.9640087590763046,9.316862937678476,9.130891834973667,0.9666103316764394,1093.9833890740056,25708.838651601625,131.69393145222816,3951.136846108691,462.5045296959339,0.9664528767618424,0.007894014053693837,False,5.0,5.0,5.0,9.0,6.0,5
target_CFO,lightgbm,boosting,4064.436346490003,2407.7824167931235,0.9651073085563033,0.9624298460452769,9.653124522662658,9.461180157310384,0.9651621216565226,1089.4218289999426,26790.520300264456,161.09248264609252,4042.3375977418796,423.2606295787679,0.9649770660541659,0.0076241488637897505,False,6.0,6.0,6.0,8.0,6.5,6
target_CFO,xgboost,boosting,4134.979105098956,2440.490832420762,0.96388559568859,0.9611143860268796,10.058646019721774,9.856773518017313,0.9638906924532481,1139.8235156249993,25759.350625000006,49.12249099670585,4113.266936216133,423.1870875110728,0.9637321890948627,0.008037943418517305,False,7.0,7.0,7.0,7.0,7.0,7
target_CFO,decision_tree,tree,5581.620578304825,3336.6620740740736,0.9341956748798189,0.9291462331118492,13.39662947497969,13.064206773204868,0.9344367004068591,1582.2200000000012,37427.15,337.8038632478633,5580.495211999142,112.07795952170285,0.9341079860072234,0.00404012952735332,False,10.0,10.0,10.0,1.0,7.75,8
target_CFO,lasso,linear,4367.244041818946,3173.812683302858,0.9597145017686194,0.9566232265820493,19.842742495782876,23.526406918861493,0.9608694127564078,2461.5767590930373,22496.488308184766,-739.4475052132026,4354.256090682086,336.56265027634913,0.9597609571282074,0.005913600818085632,False,9.0,9.0,9.0,6.0,8.25,9
target_CFO,catboost,boosting,4243.619543650683,2610.733800324889,0.961962961261584,0.9590442197991518,12.410437527218598,11.79898031125802,0.9619678266373273,1456.72695264518,27594.20814236696,-47.994479290853775,4217.9075222169395,466.4364536352117,0.9619452361041406,0.008247961441896979,False,8.0,8.0,8.0,10.0,8.5,10
target_CFO,multioutput_random_forest,benchmark,7414.250859831365,4234.8178608831895,0.8838903356519054,0.8753633101183856,17.610567870758835,15.98086833012721,0.8839574853967198,1778.7553000000335,41804.98880000001,-178.30161410256483,7414.250859831365,,0.8838903356519054,,False,11.0,11.0,11.0,11.0,11.0,11
target_CFO,linear_regression,linear,6268547.4543353,6036848.589493427,-82997.0049074621,-89365.789814419,53320.599578008434,199.60762469638362,-81759.9203000442,6387273.815080419,8014792.603367482,-765301.902570064,6036873.063313062,1688446.2694142028,-83743.8125007651,43154.26985765566,False,12.0,12.0,12.0,11.0,11.75,12
target_Net_Profit,extra_trees,tree,1928.884846621545,1179.656271054131,0.9488683527293891,0.9449448070517793,9.175370223316827,8.888275254827454,0.9491572137512533,630.8701500000061,14106.996049999994,144.97926068376,1927.208084704792,80.40988605082848,0.9488219284318581,0.004746295638108289,False,4.0,4.0,1.0,1.0,2.5,1
target_Net_Profit,random_forest,tree,1926.5267320907303,1188.6918469515672,0.9489932959865721,0.9450793377289426,9.270064092987802,9.011003433991272,0.9493314508371837,628.3859999999968,14209.159349999994,156.86253162393123,1924.1432520352098,95.80185336179872,0.9489396114471829,0.005525510519836443,False,3.0,3.0,2.0,3.0,2.75,2
target_Net_Profit,elastic_net,linear,1866.1445662136841,1189.115038085075,0.9521405447654524,0.9484680881022735,10.011265814655152,9.727721421771065,0.9525255594930392,690.4093334572881,11803.966035114947,167.37865756952613,1862.34993205033,118.94651151249354,0.952091703002376,0.006565212606535911,False,1.0,1.0,3.0,8.0,3.25,3
target_Net_Profit,ridge,linear,1896.2594874447066,1206.1921312280015,0.9505834166479005,0.9467914750156031,10.194268956257119,9.888953421768125,0.9508322925005352,691.6684979410984,11936.276611183559,134.57140588921425,1893.2826083244154,106.21209319262736,0.9505449143277028,0.005890879656862037,False,2.0,2.0,4.0,7.0,3.75,4
target_Net_Profit,hist_gradient_boosting,tree,2028.3256876135797,1231.7426857664268,0.943460421915607,0.9391219030325197,9.569040808798972,9.32705731383264,0.9435730783851263,667.2476882026822,14997.070814673207,90.5397889099836,2025.7812101442323,101.56566181377832,0.9434005354860341,0.006165523587629126,False,5.0,5.0,5.0,5.0,5.0,5
target_Net_Profit,lightgbm,boosting,2043.0783940631884,1261.752256528457,0.9426349675089789,0.9382331080483419,9.939920183309468,9.718241755097758,0.9427944883800309,679.9695842148358,14020.085951924357,107.73831160645913,2040.7847430156917,96.7830406744545,0.942579909678832,0.0060314290860659855,False,6.0,6.0,6.0,4.0,5.5,6
target_Net_Profit,xgboost,boosting,2103.8613829599167,1306.6863461761038,0.9391708950942133,0.9345032228331799,10.290492365217057,10.046782247586156,0.9392161818866218,739.5887402343751,12237.30546875,57.40466539240567,2102.122407029566,85.52253839917493,0.9391168699095328,0.005525921763465273,False,8.0,8.0,7.0,2.0,6.25,7
target_Net_Profit,catboost,boosting,2082.427280801247,1326.684315559003,0.9404040330051673,0.9358309845862882,11.70596198165271,11.127114630071201,0.9404180199058543,810.317356050381,16640.4562388207,31.902311755741188,2079.947326859911,101.59969150340254,0.94037000018946,0.006056489953215209,False,7.0,7.0,8.0,6.0,7.0,8
target_Net_Profit,lasso,linear,2404.650614794858,1772.6106152263521,0.9205340371000422,0.9144362805853125,19.09141587272081,20.32206698661337,0.9206354991105722,1449.9331841416133,13452.672043590683,-85.92373382115878,2370.067155237459,406.3573044721942,0.9205353355227976,0.024846841752762826,False,9.0,9.0,10.0,10.0,9.5,9
target_Net_Profit,decision_tree,tree,2688.2874165509343,1704.8818803418806,0.900681859429036,0.8930607620862672,13.191514145735706,12.863779392310605,0.901381972227502,931.0,15605.32,225.70720227920236,2685.5295499187364,121.73853333831221,0.9006524728355682,0.00910431086401733,False,10.0,10.0,9.0,9.0,9.5,10
target_Net_Profit,multioutput_random_forest,benchmark,3427.6238069956034,2156.4564812250724,0.8385405447105271,0.8266830571739685,18.883572124205504,17.019287078501772,0.8385872827361491,1196.3682000000008,23340.074350000003,-58.3171901139603,3427.6238069956034,,0.8385405447105271,,False,11.0,11.0,11.0,11.0,11.0,11
target_Net_Profit,linear_regression,linear,6722752.319668361,5821375.553767164,-621113.1226938365,-668773.8135082807,80063.45598343112,200.0,-155389.338828148,7608802.257398138,8753632.177700974,-5821375.553767164,5821381.576199636,3362575.6937041236,-618239.4894082361,438458.4551417432,False,12.0,12.0,12.0,11.0,11.75,12
target_Operating_Profit,ridge,linear,1730.9798831630594,1132.1945058744127,0.9748061627228793,0.9728729339569862,7.14346790109884,7.052376948874002,0.9749549199612069,695.1770465920326,11189.78917572277,133.00988385799062,1729.5271030643269,70.90384814039625,0.9747715221060491,0.0024540765903483114,False,2.0,2.0,1.0,3.0,2.0,1
target_Operating_Profit,elastic_net,linear,1723.1721814028,1138.9717637013573,0.9750329271605068,0.9731170989806808,7.354212265786293,7.2628337996025705,0.9751841012962738,728.2919750615965,11234.602660435976,134.08605331232377,1721.337366064615,79.4986726317966,0.9749956566918261,0.002689666924200039,False,1.0,1.0,2.0,5.0,2.25,2
target_Operating_Profit,extra_trees,tree,1816.739459369752,1150.2384481766385,0.9722479175658452,0.9701183839229542,6.661948447225428,6.544003495515449,0.9723607685940274,635.9312999999711,11836.775849999995,115.85042219373366,1815.267171470424,73.12564128173494,0.9722103988781314,0.0026561981605009487,False,3.0,3.0,3.0,4.0,3.25,3
target_Operating_Profit,random_forest,tree,1880.4298410797949,1178.7987680626782,0.9702679710058679,0.9679865077619966,6.7835009580672665,6.684476271158448,0.9703547049327359,649.9605500000052,12427.940299999966,101.56389911681005,1879.156463668398,69.19083954298124,0.9702323520196398,0.0025961415417850944,False,5.0,5.0,4.0,2.0,4.0,4
target_Operating_Profit,hist_gradient_boosting,tree,2003.0729363715454,1217.9610520929937,0.9662632063305875,0.9636744407021796,6.90324530887859,6.804297886415349,0.9663118173232832,675.2575169254742,16137.473974426328,76.03474708506899,2001.9908845137227,65.83074318346692,0.9662274608099582,0.002664999593306657,False,6.0,6.0,5.0,1.0,4.5,5
target_Operating_Profit,lasso,linear,1865.9059199297715,1269.6642245489372,0.9707254812881334,0.9684791247264494,8.70799591693749,8.469213757136883,0.9714653192757137,835.6866555601482,10269.424634939824,296.6287038477103,1861.9940299429684,120.76064957473216,0.970666714439124,0.004268620650565166,False,4.0,4.0,7.0,9.0,6.0,6
target_Operating_Profit,lightgbm,boosting,2020.13704711482,1241.8178397084234,0.9656859527441062,0.9630528920277239,7.168178531630942,7.043081527550922,0.9658582852378949,674.8523164096614,16588.823490133345,143.16222747942604,2018.1789091907776,88.92457266306849,0.9656359710925985,0.0035514501592869446,False,7.0,7.0,6.0,7.0,6.75,7
target_Operating_Profit,xgboost,boosting,2072.3854976863586,1304.2739600972668,0.9638880144806443,0.9611169904229897,7.600140379090739,7.4843617360186645,0.9639340162880221,720.6175781249985,12137.936093749999,73.96602981993412,2068.727050337052,123.08550777608218,0.9638216609237255,0.00484827202589284,False,8.0,8.0,8.0,10.0,8.5,8
target_Operating_Profit,catboost,boosting,2078.1348690245018,1343.0199307667622,0.9636873672418788,0.9609009466803287,9.039928667731127,8.692695412738615,0.9636950169382951,900.720786970991,17781.853766331442,30.162474016555116,2075.352571111002,107.49995087643707,0.9636699067295056,0.0038068103942419692,False,9.0,9.0,9.0,8.0,8.75,9
target_Operating_Profit,decision_tree,tree,2690.8287612515014,1678.19694017094,0.9391189126108854,0.9344472515159564,9.581264770943234,9.520212994920406,0.9391235896457043,927.5699999999997,21197.079999999994,23.58468945868948,2689.4345546271907,86.60946112021597,0.939064425622567,0.004536244371617469,False,10.0,10.0,10.0,6.0,9.0,10
target_Operating_Profit,multioutput_random_forest,benchmark,4009.928721883479,2455.9869512820515,0.8647978541677723,0.8548686880111828,15.684439648722154,14.455494578431663,0.8648781940524388,1386.4114500000142,37554.9767,-97.74858125356089,4009.928721883479,,0.8647978541677723,,False,11.0,11.0,11.0,11.0,11.0,11
target_Operating_Profit,linear_regression,linear,2480083.2891911,2071204.5170690126,-51717.12967878325,-55685.67861054991,20647.991983222193,191.2192843300374,-50445.104168944184,2523407.8010141975,3480588.1892261165,388949.1002421519,2071309.115013714,1363998.4132637584,-51253.132178628955,40818.154925426235,False,12.0,12.0,12.0,11.0,11.75,12
target_Sales,ridge,linear,3159.195647655635,2004.9464594093677,0.9984223739447544,0.9983013160829338,2.2764047732226653,2.2759848811560843,0.9984351880955781,1151.856280018932,18616.643436190847,284.72093617599654,3150.4308379032827,235.16520948967957,0.9984223370595968,0.00023919957192287158,True,1.0,1.0,2.0,4.0,2.0,1
target_Sales,elastic_net,linear,3258.572535016899,2100.3033380469924,0.9983215600388907,0.998192766303385,2.4256451013662623,2.4250125242967306,0.9983426366345499,1225.9888063768158,22304.81086569396,365.15287070942964,3253.9931280286874,172.6953638883756,0.9983194263201804,0.00019095067124686685,True,2.0,2.0,5.0,1.0,2.5,2
target_Sales,extra_trees,tree,3275.019374081437,2001.3939387179455,0.9983045742597444,0.9981744771341876,2.016457759933176,2.004735411544431,0.9983468792341281,1071.6427499999918,19122.92194999958,517.3330275498414,3264.048467026785,267.84231463468086,0.9983053875954654,0.00027352385231544995,False,3.0,3.0,1.0,6.0,3.25,3
target_Sales,hist_gradient_boosting,tree,3485.1143407975765,2061.636571960824,0.9980800713574381,0.9979327471829015,2.0493181963505935,2.0381922120513662,0.9981158458228013,1068.92106713471,23582.03527008125,475.73057402258655,3480.221143212592,184.61517480684734,0.9980805320938458,0.00019857425187488057,False,5.0,5.0,3.0,2.0,3.75,4
target_Sales,random_forest,tree,3401.0159437108646,2081.5483309686565,0.9981716120046965,0.9980313121278316,2.0826945556260763,2.0694522700324867,0.9982219101585618,1112.8727000000363,18973.852500000095,564.0927394016935,3390.876839309258,262.4189589407783,0.9981728645547165,0.0002715310744423276,False,4.0,4.0,4.0,5.0,4.25,5
target_Sales,lightgbm,boosting,3561.321443753954,2118.0349050935843,0.997995189284724,0.9978413517528582,2.1206656550738634,2.1090114206638555,0.9980363441716676,1085.5754664373017,24346.46529952594,510.2525617394969,3555.034232977597,211.52311481050745,0.997995094908405,0.00024137625131069905,False,6.0,6.0,6.0,3.0,5.25,6
target_Sales,xgboost,boosting,3659.3590653360197,2191.8697699207623,0.9978832913885334,0.9977208674619322,2.2598039066575515,2.252058525516822,0.9978944622493099,1145.4260937500003,23436.56812499999,265.8384566194799,3649.394403667288,269.8689599394268,0.9978855166830445,0.0002881095780927133,False,7.0,7.0,7.0,7.0,7.0,7
target_Sales,lasso,linear,4399.986997143175,3433.29860702893,0.9969397718093364,0.9967049476694757,6.175199723062411,6.55181781715124,0.997339754547364,2695.042501459946,21868.92074067914,-1590.725019182416,4229.5307097911245,1212.8295634436045,0.9969578687606506,0.0017280409324922925,False,8.0,8.0,9.0,9.0,8.5,8
target_Sales,decision_tree,tree,4558.2970594281705,2809.9783190883186,0.9967155982566878,0.9964635723402273,2.8371917503919004,2.8150056175463027,0.9967785603265885,1448.9400000000023,31444.72000000003,631.1229686609687,4542.340262391966,381.0735134385584,0.9967207776803034,0.0005028023533445094,False,9.0,9.0,8.0,8.0,8.5,9
target_Sales,catboost,boosting,5757.122577608214,3797.8532344525556,0.9947608361833259,0.9943588131771355,6.00454975106046,5.602122554518029,0.9947679323364458,2502.0340511385293,45488.532944785955,211.87805441012796,5404.421024400904,1984.11032067769,0.994758147878854,0.003834749656909132,False,10.0,10.0,10.0,10.0,10.0,10
target_Sales,multioutput_random_forest,benchmark,13892.000971383739,6936.419987749291,0.9694943252569039,0.9672540064263216,6.39086694601698,6.197418773035192,0.9695800046667631,2521.337750000006,151588.49020000006,-736.2286614245077,13892.000971383739,,0.9694943252569039,,False,11.0,11.0,11.0,11.0,11.0,11
target_Sales,linear_regression,linear,30423640.392799575,23932377.02990481,-146308.78885471978,-157535.75239483026,50991.04947678471,199.10597753415485,-70519.9555663106,20141902.2810875,48607441.83350751,21896620.830231264,23932381.860716492,18784008.976340324,-144594.0876540373,160073.08863094146,False,12.0,12.0,12.0,11.0,11.75,12
target_Total_Assets,elastic_net,linear,98097.32802179197,50523.93356230075,0.9892919210956789,0.9884702453049851,10.099709740352383,10.32405032988911,0.989326667839186,21747.013570027615,795344.5180952977,-5588.026423714102,98066.3662062506,2464.464265637461,0.9892876072596198,0.0005898312442557887,False,1.0,1.0,6.0,1.0,2.25,1
target_Total_Assets,extra_trees,tree,98520.39002427088,45440.64579239317,0.9891993609822111,0.9883705826659289,6.559346906718116,6.5108803445009436,0.9892146029966223,13075.619449994992,874626.6356499982,3701.0297902279617,98434.25313761046,4118.866321608449,0.9891854498173047,0.001037362856883741,False,2.0,2.0,1.0,5.0,2.5,2
target_Total_Assets,random_forest,tree,99653.4686533339,46032.51642347574,0.9889494970212259,0.9881015455955987,6.575798877488255,6.519492339905557,0.9889820618673305,13201.56084999998,851859.9703500029,5409.734010256411,99562.9435463065,4246.655982769417,0.9889361684519448,0.0010614040128295826,False,3.0,3.0,2.0,7.0,3.75,3
target_Total_Assets,hist_gradient_boosting,tree,103532.90839456537,47371.563717889796,0.9880723734071382,0.9871571166090364,6.777362065268758,6.720234275947501,0.988072450781984,13118.739690195827,1001769.8454278717,263.6946358096945,103490.11949834942,2976.287428126292,0.9880604325913217,0.0008499324400446164,False,7.0,7.0,4.0,2.0,5.0,4
target_Total_Assets,ridge,linear,100030.74977535252,51884.92673419341,0.9888656657553747,0.9880112816052347,10.687581171261412,10.990511259901451,0.9889062010433957,22202.28430125701,887859.7871088358,-6035.566348816358,99944.72321714576,4147.674247975176,0.9888573806164297,0.0009903312975175535,False,4.0,4.0,7.0,6.0,5.25,5
target_Total_Assets,multioutput_random_forest,benchmark,100454.5007067797,46053.38644626779,0.9887711312623315,0.9879464897393693,6.580954347098131,6.5147711713610885,0.9888100933570378,13096.426950000226,866634.0947000021,5917.285797948747,100454.5007067797,,0.9887711312623315,,False,5.0,5.0,3.0,11.0,6.0,6
target_Total_Assets,lightgbm,boosting,105759.54669972153,49630.57056268627,0.9875538116864291,0.9865987634732944,7.098705984631478,7.040589569855463,0.9875563972651532,13378.260627499476,902610.4456397844,1524.334501874705,105636.32723715114,5103.732553347602,0.9875635005244222,0.00109020062488758,False,8.0,8.0,5.0,8.0,7.25,7
target_Total_Assets,lasso,linear,102836.22970312163,58994.75675741692,0.9882323566457119,0.9873293760322766,17.944714484775254,16.682772727454566,0.9884402628998628,33801.443556868195,837930.8626185702,13668.950593809017,102706.36492595582,5166.502032283466,0.9882204533558516,0.0012663580189509523,False,6.0,6.0,9.0,9.0,7.5,8
target_Total_Assets,xgboost,boosting,112542.00138297431,52502.99520245727,0.985906252888876,0.9848247805813926,7.5653169926004615,7.528665959907121,0.9859065362146003,14058.755312499998,1101414.0899999999,504.59669391025824,112476.91992273666,3826.8211324382587,0.9859140938183959,0.0008117291016364588,False,9.0,9.0,8.0,4.0,7.5,9
target_Total_Assets,decision_tree,tree,125079.80606992343,61197.089584045585,0.9825910890130106,0.9812552302816578,9.325520960687498,9.272443201074038,0.9826284023894862,18242.73000000001,1099948.62,5790.734746438748,125023.19409907733,3762.8212492876733,0.9826025648878577,0.0007899209637679867,False,11.0,11.0,10.0,3.0,8.75,10
target_Total_Assets,catboost,boosting,123371.32529262773,62615.43805200704,0.9830634220050886,0.981763807364595,14.257997181074453,12.861564563534614,0.983071603118849,31784.031020679104,1039199.29952808,-2711.487537658401,123007.05716473232,9473.531133196298,0.983085666484822,0.0024876571104092806,False,10.0,10.0,11.0,10.0,10.25,11
target_Total_Assets,linear_regression,linear,1890195022.7032166,1415445518.2502043,-3975669.989485669,-4280739.893528461,736895.3170400772,199.4244790267103,-1746292.9624451709,928500525.7963407,3134755803.182144,1415445518.2502043,1415447354.5707004,1252735411.1267147,-4049064.701918742,5044032.09499627,False,12.0,12.0,12.0,11.0,11.75,12
